venue,team1,team2,toss winner,toss decision,first innings score,first innings wickets,second innings score,second innings wickets,winner,won by,player of the match,top scorer,highest score,best bowler,best bowling figure
SCG,New Zealand,Australia,Australia,Field,200,3,111,10,New Zealand,Runs,Devon Conway,Devon Conway,92,Tim Southee,6-Mar
Optus Stadium,Afghanistan,England,England,Field,112,10,113,5,England,Wickets,Sam Curran,Ibrahim Zadran,32,Sam Curran,10-May
Blundstone Arena,Ireland,Sri lanka,Ireland,Bat,128,8,133,1,Sri lanka,Wickets,Kusal Mendis,Kusal Mendis,68,Maheesh Theekshana,19-Feb
MCG,Pakistan,India,India,Field,159,8,160,6,India,Wickets,Virat Kohli,Virat Kohli,82,Hardik Pandya,30-Mar
Blundstone Arena,Bangladesh,Netherlands,Netherlands,Field,144,8,135,10,Bangladesh,Runs,Taskin Ahmed,Colin Ackermann,62,Taskin Ahmed,25-Apr
Optus Stadium,Sri lanka,Australia,Australia,Field,157,6,158,3,Australia,Wickets,Marcus Stoinis,Marcus Stoinis,59,Glenn Maxwell,5-Jan
MCG,Ireland,England,England,Field,157,10,105,5,Ireland,Runs,Andrew Balbirnie,Andrew Balbirnie,62,Liam Livingstone,17-Mar
SCG,South Africa,Bangladesh,South Africa,Bat,205,5,101,10,South Africa,Runs,Rilee Rossouw,Rilee Rossouw,109,Anrich Nortje,10-Apr
SCG,India,Netherlands,India,Bat,179,2,123,9,India,Runs,Suryakumar Yadav,Virat Kohli,62,Bhuvneshwar Kumar,19-Feb
Optus Stadium,Zimbabwe,Pakistan,Zimbabwe,Bat,130,8,129,8,Zimbabwe,Runs,Sikandar Raza,Shan Masood,44,Mohammad Wasim,24-Apr
SCG,New Zealand,Sri lanka,New Zealand,Bat,167,7,102,10,New Zealand,Runs,Glenn Phillips,Glenn Phillips,104,Trent Boult,13-Apr
The Gabba,Bangladesh,Zimbabwe,Bangladesh,Bat,150,7,147,8,Bangladesh,Runs,Taskin Ahmed,Najmul Hossain,71,Taskin Ahmed,19-Mar
Optus Stadium,Netherlands,Pakistan,Netherlands,Bat,91,9,95,4,Pakistan,Wickets,Shadab Khan,Mohammad Rizwan,49,Shadab Khan,22-Mar
Optus Stadium,India,South Africa,India,Bat,133,9,137,5,South Africa,Wickets,Lungi Ngidi,Suryakumar Yadav,68,Lungi Ngidi,29-Apr
The Gabba,Australia,Ireland,Ireland,Field,179,5,137,10,Australia,Runs,Aaron Finch,Lorcan Tucker,71,Barry McCarthy,29-Mar
The Gabba,Afghanistan,Sri lanka,Afghanistan,Bat,144,8,148,4,Sri lanka,Wickets,Wanindu Hasaranga,de Silva,66,Wanindu Hasaranga,13-Mar
The Gabba,England,New Zealand,England,Bat,179,6,159,6,England,Runs,Jos Buttler,Jos Buttler,73,Sam Curran,26-Feb
Adelaide Oval,Zimbabwe,Netherlands,Zimbabwe,Bat,117,10,120,5,Netherlands,Wickets,Max O'Dowd,Max O'Dowd,52,Paul van Meekeren,29-Mar
Adelaide Oval,India,Bangladesh,Bangladesh,Field,184,6,145,6,India,Runs,Virat Kohli,Virat Kohli,64,Hasan Mahmud,Mar-47
SCG,Pakistan,South Africa,Pakistan,Bat,185,9,108,9,Pakistan,Runs,Shadab Khan,Shadab Khan,52,Anrich Nortje,Apr-41
Adelaide Oval,New Zealand,Ireland,Ireland,Field,185,6,150,9,New Zealand,Runs,Kane Williamson,Kane Williamson,61,Lockie Ferguson,22-Mar
Adelaide Oval,Australia,Afghanistan,Afghanistan,Field,168,8,164,7,Australia,Runs,Glenn Maxwell,Glenn Maxwell,54,Naveen-ul-Haq,21-Mar
SCG,Sri lanka,England,Sri lanka,Bat,141,8,144,6,England,Wickets,Adil Rashid,Pathum Nissanka,67,Mark Wood,26-Mar
Adelaide Oval,Netherlands,South Africa,South Africa,Field,158,4,145,8,Netherlands,Runs,Colin Ackermann,Colin Ackermann,41,Brandon Glover,9-Mar
Adelaide Oval,Bangladesh,Pakistan,Bangladesh,Bat,127,8,128,5,Pakistan,Wickets,Shaheen Afridi,Najmul Hossain,54,Shaheen Afridi,22-Apr
MCG,India,Zimbabwe,India,Bat,186,5,115,10,India,Runs,Suryakumar Yadav,Suryakumar Yadav,61,Ravichandran Ashwin,22-Mar
SCG,New Zealand,Pakistan,New Zealand,Bat,152,4,153,3,Pakistan,Wickets,Mohammad Rizwan,Mohammad Rizwan,57,Shaheen Afridi,24-Feb
Adelaide Oval,India,England,England,Field,168,6,170,0,England,Wickets,Alex Hales,Alex Hales,86,Chris Jordan,Mar-43
MCG,Pakistan,England,England,Field,137,8,138,5,England,Wickets,Sam Curran,Ben Stokes,52,Sam Curran,12-Mar
